<?xml version="1.0" encoding="utf-8" ?>
<dwsync>
<file name="icons-18-white.png" server="outcast.tees.ac.uk//iws/u0018370/mailer/" local="130050770900000000" remote="130051359140000000" Dst="1" />
<file name="icons-18-black.png" server="outcast.tees.ac.uk//iws/u0018370/mailer/" local="130050770900000000" remote="130051359140000000" Dst="1" />
<file name="icons-36-white.png" server="outcast.tees.ac.uk//iws/u0018370/mailer/" local="130050770900000000" remote="130051359140000000" Dst="1" />
<file name="icons-36-black.png" server="outcast.tees.ac.uk//iws/u0018370/mailer/" local="130050770900000000" remote="130051359140000000" Dst="1" />
<file name="ajax-loader.png" server="outcast.tees.ac.uk//iws/u0018370/mailer/" local="130050770900000000" remote="130051359140000000" Dst="1" />
<file name="sirens-logo5.png" server="outcast.tees.ac.uk//iws/u0018370/mailer/" local="130050770910000000" remote="130051359140000000" Dst="1" />
<file name="transporter.jpg" server="outcast.tees.ac.uk//iws/u0018370/mailer/" local="130050770910000000" remote="130051359140000000" Dst="1" />
<file name="katie.jpg" server="outcast.tees.ac.uk//iws/u0018370/mailer/" local="130050770900000000" remote="130051359140000000" Dst="1" />
<file name="rich.jpg" server="outcast.tees.ac.uk//iws/u0018370/mailer/" local="130050770910000000" remote="130051359140000000" Dst="1" />
<file name="chris.jpg" server="outcast.tees.ac.uk//iws/u0018370/mailer/" local="130050770900000000" remote="130051359140000000" Dst="1" />
<file name="gav.jpg" server="outcast.tees.ac.uk//iws/u0018370/mailer/" local="130050770900000000" remote="130051359140000000" Dst="1" />
<file name="zed.jpg" server="outcast.tees.ac.uk//iws/u0018370/mailer/" local="130050770910000000" remote="130051359140000000" Dst="1" />
</dwsync>